submitted_at	run_id	job_id	model	mode	iteration	hardware	status
2026-06-22T00:30:30Z	scat_p01_phi_i0	8009139	microsoft/Phi-tiny-MoE-instruct	scattered	0	V100_full_dvfs_scat_p01_phi_i0	submitted
2026-06-22T00:30:31Z	scat_p01_phi_i1	8009140	microsoft/Phi-tiny-MoE-instruct	scattered	1	V100_full_dvfs_scat_p01_phi_i1	submitted
2026-06-22T00:30:31Z	scat_p01_phi_i2	8009141	microsoft/Phi-tiny-MoE-instruct	scattered	2	V100_full_dvfs_scat_p01_phi_i2	submitted
2026-06-22T00:30:31Z	scat_p01_qwen_i0	8009142	Qwen/Qwen1.5-MoE-A2.7B-Chat	scattered	0	V100_full_dvfs_scat_p01_qwen_i0	submitted
2026-06-22T00:30:31Z	scat_p01_qwen_i1	8009143	Qwen/Qwen1.5-MoE-A2.7B-Chat	scattered	1	V100_full_dvfs_scat_p01_qwen_i1	submitted
2026-06-22T00:30:32Z	scat_p01_qwen_i2	8009144	Qwen/Qwen1.5-MoE-A2.7B-Chat	scattered	2	V100_full_dvfs_scat_p01_qwen_i2	submitted
2026-06-22T00:30:32Z	scat_p02_phi_i0	8009145	microsoft/Phi-tiny-MoE-instruct	scattered	0	V100_full_dvfs_scat_p02_phi_i0	submitted
2026-06-22T00:30:32Z	scat_p02_phi_i1	8009146	microsoft/Phi-tiny-MoE-instruct	scattered	1	V100_full_dvfs_scat_p02_phi_i1	submitted
2026-06-22T00:30:32Z	scat_p02_phi_i2	8009147	microsoft/Phi-tiny-MoE-instruct	scattered	2	V100_full_dvfs_scat_p02_phi_i2	submitted
2026-06-22T00:30:32Z	scat_p02_qwen_i0	8009148	Qwen/Qwen1.5-MoE-A2.7B-Chat	scattered	0	V100_full_dvfs_scat_p02_qwen_i0	submitted
2026-06-22T00:30:32Z	scat_p02_qwen_i1	8009149	Qwen/Qwen1.5-MoE-A2.7B-Chat	scattered	1	V100_full_dvfs_scat_p02_qwen_i1	submitted
2026-06-22T00:30:33Z	scat_p02_qwen_i2	8009150	Qwen/Qwen1.5-MoE-A2.7B-Chat	scattered	2	V100_full_dvfs_scat_p02_qwen_i2	submitted
2026-06-22T00:30:33Z	scat_p03_phi_i0	8009151	microsoft/Phi-tiny-MoE-instruct	scattered	0	V100_full_dvfs_scat_p03_phi_i0	submitted
2026-06-22T00:30:33Z	scat_p03_phi_i1	8009152	microsoft/Phi-tiny-MoE-instruct	scattered	1	V100_full_dvfs_scat_p03_phi_i1	submitted
2026-06-22T00:30:33Z	scat_p03_phi_i2	8009153	microsoft/Phi-tiny-MoE-instruct	scattered	2	V100_full_dvfs_scat_p03_phi_i2	submitted
2026-06-22T00:30:33Z	scat_p03_qwen_i0	8009154	Qwen/Qwen1.5-MoE-A2.7B-Chat	scattered	0	V100_full_dvfs_scat_p03_qwen_i0	submitted
2026-06-22T00:30:33Z	scat_p03_qwen_i1	8009155	Qwen/Qwen1.5-MoE-A2.7B-Chat	scattered	1	V100_full_dvfs_scat_p03_qwen_i1	submitted
2026-06-22T00:30:34Z	scat_p03_qwen_i2	8009156	Qwen/Qwen1.5-MoE-A2.7B-Chat	scattered	2	V100_full_dvfs_scat_p03_qwen_i2	submitted
2026-06-22T00:30:34Z	scat_p04_phi_i0	8009157	microsoft/Phi-tiny-MoE-instruct	scattered	0	V100_full_dvfs_scat_p04_phi_i0	submitted
2026-06-22T00:30:34Z	scat_p04_phi_i1	8009158	microsoft/Phi-tiny-MoE-instruct	scattered	1	V100_full_dvfs_scat_p04_phi_i1	submitted
2026-06-22T00:30:34Z	scat_p04_phi_i2	8009159	microsoft/Phi-tiny-MoE-instruct	scattered	2	V100_full_dvfs_scat_p04_phi_i2	submitted
2026-06-22T00:30:35Z	scat_p04_qwen_i0	8009160	Qwen/Qwen1.5-MoE-A2.7B-Chat	scattered	0	V100_full_dvfs_scat_p04_qwen_i0	submitted
2026-06-22T00:30:35Z	scat_p04_qwen_i1	8009161	Qwen/Qwen1.5-MoE-A2.7B-Chat	scattered	1	V100_full_dvfs_scat_p04_qwen_i1	submitted
2026-06-22T00:30:35Z	scat_p04_qwen_i2	8009162	Qwen/Qwen1.5-MoE-A2.7B-Chat	scattered	2	V100_full_dvfs_scat_p04_qwen_i2	submitted
2026-06-22T00:30:35Z	scat_p05_phi_i0	8009163	microsoft/Phi-tiny-MoE-instruct	scattered	0	V100_full_dvfs_scat_p05_phi_i0	submitted
2026-06-22T00:30:35Z	scat_p05_phi_i1	8009164	microsoft/Phi-tiny-MoE-instruct	scattered	1	V100_full_dvfs_scat_p05_phi_i1	submitted
2026-06-22T00:30:35Z	scat_p05_phi_i2	8009165	microsoft/Phi-tiny-MoE-instruct	scattered	2	V100_full_dvfs_scat_p05_phi_i2	submitted
2026-06-22T00:30:35Z	scat_p05_qwen_i0	8009166	Qwen/Qwen1.5-MoE-A2.7B-Chat	scattered	0	V100_full_dvfs_scat_p05_qwen_i0	submitted
2026-06-22T00:30:36Z	scat_p05_qwen_i1	8009167	Qwen/Qwen1.5-MoE-A2.7B-Chat	scattered	1	V100_full_dvfs_scat_p05_qwen_i1	submitted
2026-06-22T00:30:36Z	scat_p05_qwen_i2	8009168	Qwen/Qwen1.5-MoE-A2.7B-Chat	scattered	2	V100_full_dvfs_scat_p05_qwen_i2	submitted
2026-06-22T00:30:36Z	scat_p06_phi_i0	8009169	microsoft/Phi-tiny-MoE-instruct	scattered	0	V100_full_dvfs_scat_p06_phi_i0	submitted
2026-06-22T00:30:36Z	scat_p06_phi_i1	8009170	microsoft/Phi-tiny-MoE-instruct	scattered	1	V100_full_dvfs_scat_p06_phi_i1	submitted
2026-06-22T00:30:36Z	scat_p06_phi_i2	8009171	microsoft/Phi-tiny-MoE-instruct	scattered	2	V100_full_dvfs_scat_p06_phi_i2	submitted
2026-06-22T00:30:36Z	scat_p06_qwen_i0	8009172	Qwen/Qwen1.5-MoE-A2.7B-Chat	scattered	0	V100_full_dvfs_scat_p06_qwen_i0	submitted
2026-06-22T00:30:37Z	scat_p06_qwen_i1	8009173	Qwen/Qwen1.5-MoE-A2.7B-Chat	scattered	1	V100_full_dvfs_scat_p06_qwen_i1	submitted
2026-06-22T00:30:37Z	scat_p06_qwen_i2	8009174	Qwen/Qwen1.5-MoE-A2.7B-Chat	scattered	2	V100_full_dvfs_scat_p06_qwen_i2	submitted
2026-06-22T00:30:37Z	scat_p07_phi_i0	8009175	microsoft/Phi-tiny-MoE-instruct	scattered	0	V100_full_dvfs_scat_p07_phi_i0	submitted
2026-06-22T00:30:37Z	scat_p07_phi_i1	8009176	microsoft/Phi-tiny-MoE-instruct	scattered	1	V100_full_dvfs_scat_p07_phi_i1	submitted
2026-06-22T00:30:37Z	scat_p07_phi_i2	8009177	microsoft/Phi-tiny-MoE-instruct	scattered	2	V100_full_dvfs_scat_p07_phi_i2	submitted
2026-06-22T00:30:37Z	scat_p07_qwen_i0	8009178	Qwen/Qwen1.5-MoE-A2.7B-Chat	scattered	0	V100_full_dvfs_scat_p07_qwen_i0	submitted
2026-06-22T00:30:37Z	scat_p07_qwen_i1	8009179	Qwen/Qwen1.5-MoE-A2.7B-Chat	scattered	1	V100_full_dvfs_scat_p07_qwen_i1	submitted
2026-06-22T00:30:38Z	scat_p07_qwen_i2	8009180	Qwen/Qwen1.5-MoE-A2.7B-Chat	scattered	2	V100_full_dvfs_scat_p07_qwen_i2	submitted
2026-06-22T00:30:38Z	scat_p08_phi_i0	8009181	microsoft/Phi-tiny-MoE-instruct	scattered	0	V100_full_dvfs_scat_p08_phi_i0	submitted
2026-06-22T00:30:38Z	scat_p08_phi_i1	8009182	microsoft/Phi-tiny-MoE-instruct	scattered	1	V100_full_dvfs_scat_p08_phi_i1	submitted
2026-06-22T00:30:38Z	scat_p08_phi_i2	8009183	microsoft/Phi-tiny-MoE-instruct	scattered	2	V100_full_dvfs_scat_p08_phi_i2	submitted
2026-06-22T00:30:39Z	scat_p08_qwen_i0	8009184	Qwen/Qwen1.5-MoE-A2.7B-Chat	scattered	0	V100_full_dvfs_scat_p08_qwen_i0	submitted
2026-06-22T00:30:39Z	scat_p08_qwen_i1	8009185	Qwen/Qwen1.5-MoE-A2.7B-Chat	scattered	1	V100_full_dvfs_scat_p08_qwen_i1	submitted
2026-06-22T00:30:39Z	scat_p08_qwen_i2	8009186	Qwen/Qwen1.5-MoE-A2.7B-Chat	scattered	2	V100_full_dvfs_scat_p08_qwen_i2	submitted
2026-06-22T00:30:39Z	scat_p09_phi_i0	8009187	microsoft/Phi-tiny-MoE-instruct	scattered	0	V100_full_dvfs_scat_p09_phi_i0	submitted
2026-06-22T00:30:39Z	scat_p09_phi_i1	8009188	microsoft/Phi-tiny-MoE-instruct	scattered	1	V100_full_dvfs_scat_p09_phi_i1	submitted
2026-06-22T00:30:40Z	scat_p09_phi_i2	8009189	microsoft/Phi-tiny-MoE-instruct	scattered	2	V100_full_dvfs_scat_p09_phi_i2	submitted
2026-06-22T00:30:40Z	scat_p09_qwen_i0	8009190	Qwen/Qwen1.5-MoE-A2.7B-Chat	scattered	0	V100_full_dvfs_scat_p09_qwen_i0	submitted
2026-06-22T00:30:40Z	scat_p09_qwen_i1	8009191	Qwen/Qwen1.5-MoE-A2.7B-Chat	scattered	1	V100_full_dvfs_scat_p09_qwen_i1	submitted
2026-06-22T00:30:40Z	scat_p09_qwen_i2	8009192	Qwen/Qwen1.5-MoE-A2.7B-Chat	scattered	2	V100_full_dvfs_scat_p09_qwen_i2	submitted
2026-06-22T00:30:40Z	scat_p10_phi_i0	8009193	microsoft/Phi-tiny-MoE-instruct	scattered	0	V100_full_dvfs_scat_p10_phi_i0	submitted
2026-06-22T00:30:40Z	scat_p10_phi_i1	8009194	microsoft/Phi-tiny-MoE-instruct	scattered	1	V100_full_dvfs_scat_p10_phi_i1	submitted
2026-06-22T00:30:40Z	scat_p10_phi_i2	8009195	microsoft/Phi-tiny-MoE-instruct	scattered	2	V100_full_dvfs_scat_p10_phi_i2	submitted
2026-06-22T00:30:41Z	scat_p10_qwen_i0	8009196	Qwen/Qwen1.5-MoE-A2.7B-Chat	scattered	0	V100_full_dvfs_scat_p10_qwen_i0	submitted
2026-06-22T00:30:41Z	scat_p10_qwen_i1	8009197	Qwen/Qwen1.5-MoE-A2.7B-Chat	scattered	1	V100_full_dvfs_scat_p10_qwen_i1	submitted
2026-06-22T00:30:41Z	scat_p10_qwen_i2	8009198	Qwen/Qwen1.5-MoE-A2.7B-Chat	scattered	2	V100_full_dvfs_scat_p10_qwen_i2	submitted
2026-06-22T00:30:41Z	fixed_700_phi_i0	8009199	microsoft/Phi-tiny-MoE-instruct	fixed	0	V100_700MHz	submitted
2026-06-22T00:30:41Z	fixed_700_phi_i1	8009200	microsoft/Phi-tiny-MoE-instruct	fixed	1	V100_700MHz	submitted
2026-06-22T00:30:41Z	fixed_700_phi_i2	8009201	microsoft/Phi-tiny-MoE-instruct	fixed	2	V100_700MHz	submitted
2026-06-22T00:30:41Z	fixed_1100_phi_i0	8009202	microsoft/Phi-tiny-MoE-instruct	fixed	0	V100_1100MHz	submitted
2026-06-22T00:30:42Z	fixed_1100_phi_i1	8009203	microsoft/Phi-tiny-MoE-instruct	fixed	1	V100_1100MHz	submitted
2026-06-22T00:30:42Z	fixed_1100_phi_i2	8009204	microsoft/Phi-tiny-MoE-instruct	fixed	2	V100_1100MHz	submitted
2026-06-22T00:30:42Z	fixed_1400_phi_i0	8009205	microsoft/Phi-tiny-MoE-instruct	fixed	0	V100_1400MHz	submitted
2026-06-22T00:30:42Z	fixed_1400_phi_i1	8009206	microsoft/Phi-tiny-MoE-instruct	fixed	1	V100_1400MHz	submitted
2026-06-22T00:30:42Z	fixed_1400_phi_i2	8009207	microsoft/Phi-tiny-MoE-instruct	fixed	2	V100_1400MHz	submitted
2026-06-22T00:30:42Z	fixed_700_qwen_i0	8009208	Qwen/Qwen1.5-MoE-A2.7B-Chat	fixed	0	V100_700MHz	submitted
2026-06-22T00:30:43Z	fixed_700_qwen_i1	8009209	Qwen/Qwen1.5-MoE-A2.7B-Chat	fixed	1	V100_700MHz	submitted
2026-06-22T00:30:43Z	fixed_700_qwen_i2	8009210	Qwen/Qwen1.5-MoE-A2.7B-Chat	fixed	2	V100_700MHz	submitted
2026-06-22T00:30:43Z	fixed_1100_qwen_i0	8009211	Qwen/Qwen1.5-MoE-A2.7B-Chat	fixed	0	V100_1100MHz	submitted
2026-06-22T00:30:43Z	fixed_1100_qwen_i1	8009212	Qwen/Qwen1.5-MoE-A2.7B-Chat	fixed	1	V100_1100MHz	submitted
2026-06-22T00:30:43Z	fixed_1100_qwen_i2	8009213	Qwen/Qwen1.5-MoE-A2.7B-Chat	fixed	2	V100_1100MHz	submitted
2026-06-22T00:30:43Z	fixed_1400_qwen_i0	8009214	Qwen/Qwen1.5-MoE-A2.7B-Chat	fixed	0	V100_1400MHz	submitted
2026-06-22T00:30:43Z	fixed_1400_qwen_i1	8009215	Qwen/Qwen1.5-MoE-A2.7B-Chat	fixed	1	V100_1400MHz	submitted
2026-06-22T00:30:44Z	fixed_1400_qwen_i2	8009216	Qwen/Qwen1.5-MoE-A2.7B-Chat	fixed	2	V100_1400MHz	submitted
