t,prompt_throughput,gen_throughput,running,waiting,kv_cache_pct
44.0,192.0,1.0,7,43,0.0
99.0,960.0,6.0,8,42,0.0
114.0,384.0,8.0,8,42,0.0
115.0,0.0,8.0,8,42,0.0
116.0,0.0,8.0,8,42,0.0
117.0,0.0,8.0,8,42,0.0
118.0,0.0,8.0,8,42,0.0
119.0,0.0,8.0,8,42,0.0
120.0,0.0,8.0,8,42,0.0
121.0,0.0,8.0,8,42,0.0
122.0,0.0,8.0,8,42,0.0
123.0,0.0,8.0,8,42,0.0
124.0,0.0,8.0,8,42,0.0
125.0,0.0,8.0,8,42,0.0
126.0,0.0,8.0,8,42,0.0
127.0,0.0,8.0,8,42,0.0
129.0,0.0,8.0,8,42,0.0
130.0,0.0,8.0,8,42,0.0
131.0,0.0,8.0,8,42,0.0
132.0,0.0,8.0,8,42,0.0
133.0,0.0,8.0,8,42,0.0
134.0,0.0,8.0,8,42,0.0
135.0,0.0,8.0,8,42,0.0
137.0,0.0,8.0,8,42,0.0
138.0,0.0,8.0,8,42,0.0
139.0,0.0,8.0,8,42,0.0
140.0,0.0,8.0,8,42,0.0
141.0,0.0,8.0,8,42,0.0
142.0,0.0,8.0,8,42,0.0
143.0,0.0,8.0,8,42,0.0
145.0,0.0,8.0,8,42,0.0
146.0,0.0,8.0,8,42,0.0
147.0,0.0,8.0,8,42,0.0
148.0,0.0,8.0,8,42,0.0
149.0,0.0,8.0,8,42,0.0
150.0,0.0,8.0,8,42,0.0
152.0,0.0,8.0,8,42,0.0
153.0,0.0,8.0,8,42,0.0
154.0,0.0,8.0,8,42,0.0
155.0,0.0,8.0,8,42,0.0
156.0,0.0,8.0,8,42,0.0
157.0,0.0,8.0,8,42,0.0
158.0,0.0,8.0,8,42,0.0
160.0,0.0,8.0,8,42,0.0
161.0,0.0,8.0,8,42,0.0
162.0,0.0,8.0,8,42,0.0
163.0,0.0,8.0,8,42,0.0
164.0,0.0,8.0,8,42,0.0
165.0,0.0,8.0,8,42,0.0
166.0,0.0,8.0,8,42,0.0
167.0,0.0,8.0,8,42,0.0
169.0,0.0,8.0,8,42,0.0
170.0,0.0,8.0,8,42,0.0
171.0,0.0,8.0,8,42,0.0
172.0,0.0,8.0,8,42,0.0
173.0,0.0,8.0,8,42,0.0
174.0,0.0,8.0,8,42,0.0
175.0,0.0,8.0,8,42,0.0
176.0,0.0,8.0,8,42,0.0
177.0,0.0,8.0,8,42,0.0
178.0,0.0,8.0,8,42,0.0
180.0,0.0,8.0,8,42,0.0
181.0,0.0,8.0,8,42,0.0
182.0,0.0,8.0,7,42,0.0
193.0,0.0,7.0,3,41,0.0
217.0,192.0,3.0,6,36,0.0
257.0,960.0,6.0,8,34,0.0
273.0,384.0,8.0,8,34,0.0
274.0,0.0,8.0,8,34,0.0
275.0,0.0,8.0,8,34,0.0
276.0,0.0,8.0,8,34,0.0
277.0,0.0,8.0,8,34,0.0
278.0,0.0,16.0,8,34,0.0
279.0,0.0,8.0,8,34,0.0
280.0,0.0,8.0,8,34,0.0
281.0,0.0,8.0,8,34,0.0
282.0,0.0,8.0,8,34,0.0
283.0,0.0,8.0,8,34,0.0
284.0,0.0,8.0,8,34,0.0
285.0,0.0,8.0,8,34,0.0
286.0,0.0,8.0,8,34,0.0
287.0,0.0,8.0,8,34,0.0
288.0,0.0,8.0,8,34,0.0
289.0,0.0,8.0,8,34,0.0
290.0,0.0,8.0,8,34,0.0
291.0,0.0,8.0,8,34,0.0
292.0,0.0,8.0,8,34,0.0
293.0,0.0,8.0,8,34,0.0
294.0,0.0,8.0,8,34,0.0
295.0,0.0,8.0,8,34,0.0
296.0,0.0,8.0,8,34,0.0
297.0,0.0,8.0,8,34,0.0
298.0,0.0,8.0,8,34,0.0
299.0,0.0,8.0,8,34,0.0
300.0,0.0,8.0,8,34,0.0
301.0,0.0,8.0,8,34,0.0
302.0,0.0,8.0,8,34,0.0
303.0,0.0,8.0,8,34,0.0
304.0,0.0,16.0,8,34,0.0
305.0,0.0,8.0,8,34,0.0
306.0,0.0,8.0,8,34,0.0
307.0,0.0,8.0,8,34,0.0
308.0,0.0,8.0,8,34,0.0
309.0,0.0,8.0,8,34,0.0
310.0,0.0,8.0,8,34,0.0
311.0,0.0,8.0,8,34,0.0
312.0,0.0,8.0,8,34,0.0
313.0,0.0,8.0,8,34,0.0
314.0,0.0,8.0,8,34,0.0
315.0,0.0,8.0,8,34,0.0
316.0,0.0,8.0,8,34,0.0
317.0,0.0,8.0,8,34,0.0
318.0,0.0,8.0,8,34,0.0
319.0,0.0,8.0,8,34,0.0
320.0,0.0,8.0,8,34,0.0
321.0,0.0,8.0,8,34,0.0
322.0,0.0,8.0,8,34,0.0
323.0,0.0,8.0,8,34,0.0
324.0,0.0,8.0,8,34,0.0
325.0,0.0,8.0,8,34,0.0
326.0,0.0,8.0,8,34,0.0
327.0,0.0,8.0,8,34,0.0
328.0,0.0,8.0,8,34,0.0
329.0,0.0,8.0,8,34,0.0
330.0,0.0,8.0,8,34,0.0
331.0,0.0,8.0,8,34,0.0
332.0,0.0,15.0,3,33,0.0
347.0,192.0,3.0,6,28,0.0
388.0,960.0,6.0,8,26,0.0
404.0,384.0,16.0,8,26,0.0
405.0,0.0,8.0,8,26,0.0
406.0,0.0,8.0,8,26,0.0
407.0,0.0,8.0,8,26,0.0
408.0,0.0,8.0,8,26,0.0
409.0,0.0,8.0,8,26,0.0
410.0,0.0,8.0,8,26,0.0
411.0,0.0,8.0,8,26,0.0
412.0,0.0,8.0,8,26,0.0
413.0,0.0,8.0,8,26,0.0
414.0,0.0,8.0,8,26,0.0
415.0,0.0,8.0,8,26,0.0
417.0,0.0,8.0,8,26,0.0
418.0,0.0,8.0,8,26,0.0
419.0,0.0,8.0,8,26,0.0
420.0,0.0,8.0,8,26,0.0
421.0,0.0,8.0,8,26,0.0
422.0,0.0,8.0,8,26,0.0
423.0,0.0,8.0,8,26,0.0
424.0,0.0,8.0,8,26,0.0
425.0,0.0,8.0,8,26,0.0
426.0,0.0,8.0,8,26,0.0
427.0,0.0,8.0,8,26,0.0
428.0,0.0,8.0,8,26,0.0
429.0,0.0,8.0,8,26,0.0
430.0,0.0,8.0,8,26,0.0
431.0,0.0,8.0,8,26,0.0
432.0,0.0,8.0,8,26,0.0
434.0,0.0,8.0,8,26,0.0
435.0,0.0,8.0,8,26,0.0
436.0,0.0,8.0,8,26,0.0
437.0,0.0,8.0,8,26,0.0
438.0,0.0,8.0,8,26,0.0
439.0,0.0,8.0,8,26,0.0
440.0,0.0,8.0,8,26,0.0
441.0,0.0,8.0,8,26,0.0
442.0,0.0,8.0,8,26,0.0
443.0,0.0,8.0,8,26,0.0
444.0,0.0,8.0,8,26,0.0
445.0,0.0,8.0,8,26,0.0
446.0,0.0,8.0,8,26,0.0
447.0,0.0,8.0,8,26,0.0
448.0,0.0,8.0,8,26,0.0
449.0,0.0,8.0,8,26,0.0
451.0,0.0,8.0,8,26,0.0
452.0,0.0,8.0,8,26,0.0
453.0,0.0,8.0,8,26,0.0
454.0,0.0,8.0,8,26,0.0
455.0,0.0,8.0,8,26,0.0
456.0,0.0,8.0,8,26,0.0
457.0,0.0,8.0,8,26,0.0
458.0,0.0,8.0,8,26,0.0
459.0,0.0,8.0,8,26,0.0
460.0,0.0,8.0,8,26,0.0
461.0,0.0,8.0,8,26,0.0
462.0,0.0,8.0,8,26,0.0
463.0,0.0,8.0,8,26,0.0
465.0,0.0,8.0,8,26,0.0
466.0,0.0,8.0,8,26,0.0
467.0,0.0,8.0,8,26,0.0
468.0,0.0,8.0,7,26,0.0
469.0,0.0,7.0,3,25,0.0
483.0,192.0,3.0,6,20,0.0
524.0,960.0,6.0,8,18,0.0
540.0,384.0,8.0,8,18,0.0
541.0,0.0,8.0,8,18,0.0
542.0,0.0,8.0,8,18,0.0
543.0,0.0,8.0,8,18,0.0
544.0,0.0,8.0,8,18,0.0
545.0,0.0,8.0,8,18,0.0
546.0,0.0,8.0,8,18,0.0
547.0,0.0,8.0,8,18,0.0
548.0,0.0,8.0,8,18,0.0
550.0,0.0,8.0,8,18,0.0
551.0,0.0,8.0,8,18,0.0
552.0,0.0,8.0,8,18,0.0
553.0,0.0,8.0,8,18,0.0
554.0,0.0,8.0,8,18,0.0
556.0,0.0,8.0,8,18,0.0
557.0,0.0,8.0,8,18,0.0
558.0,0.0,8.0,8,18,0.0
559.0,0.0,8.0,8,18,0.0
560.0,0.0,8.0,8,18,0.0
562.0,0.0,8.0,8,18,0.0
563.0,0.0,8.0,8,18,0.0
564.0,0.0,8.0,8,18,0.0
565.0,0.0,8.0,8,18,0.0
567.0,0.0,8.0,8,18,0.0
568.0,0.0,8.0,8,18,0.0
569.0,0.0,8.0,8,18,0.0
570.0,0.0,8.0,8,18,0.0
572.0,0.0,8.0,8,18,0.0
573.0,0.0,8.0,8,18,0.0
574.0,0.0,8.0,8,18,0.0
575.0,0.0,8.0,8,18,0.0
576.0,0.0,8.0,8,18,0.0
578.0,0.0,8.0,8,18,0.0
579.0,0.0,8.0,8,18,0.0
580.0,0.0,8.0,8,18,0.0
581.0,0.0,8.0,8,18,0.0
582.0,0.0,8.0,8,18,0.0
584.0,0.0,8.0,8,18,0.0
585.0,0.0,8.0,8,18,0.0
586.0,0.0,8.0,8,18,0.0
587.0,0.0,8.0,8,18,0.0
589.0,0.0,8.0,8,18,0.0
590.0,0.0,8.0,8,18,0.0
591.0,0.0,8.0,8,18,0.0
592.0,0.0,8.0,8,18,0.0
593.0,0.0,8.0,8,18,0.0
595.0,0.0,8.0,8,18,0.0
596.0,0.0,8.0,8,18,0.0
597.0,0.0,8.0,8,18,0.0
598.0,0.0,8.0,8,18,0.0
599.0,0.0,8.0,8,18,0.0
600.0,0.0,8.0,8,18,0.0
602.0,0.0,8.0,8,18,0.0
603.0,0.0,8.0,8,18,0.0
604.0,0.0,8.0,8,18,0.0
605.0,0.0,8.0,8,18,0.0
606.0,0.0,8.0,8,18,0.0
608.0,0.0,8.0,8,18,0.0
609.0,0.0,8.0,8,18,0.0
610.0,0.0,8.0,8,18,0.0
611.0,0.0,8.0,8,18,0.0
613.0,0.0,8.0,7,18,0.0
614.0,0.0,7.0,3,17,0.0
628.0,192.0,3.0,6,12,0.0
669.0,960.0,6.0,8,10,0.0
685.0,384.0,8.0,8,10,0.0
686.0,0.0,8.0,8,10,0.0
687.0,0.0,8.0,8,10,0.0
688.0,0.0,8.0,8,10,0.0
689.0,0.0,8.0,8,10,0.0
690.0,0.0,8.0,8,10,0.0
691.0,0.0,8.0,8,10,0.0
693.0,0.0,8.0,8,10,0.0
694.0,0.0,8.0,8,10,0.0
695.0,0.0,8.0,8,10,0.0
696.0,0.0,8.0,8,10,0.0
697.0,0.0,8.0,8,10,0.0
698.0,0.0,8.0,8,10,0.0
699.0,0.0,8.0,8,10,0.0
700.0,0.0,8.0,8,10,0.0
702.0,0.0,8.0,8,10,0.0
703.0,0.0,8.0,8,10,0.0
704.0,0.0,8.0,8,10,0.0
705.0,0.0,8.0,8,10,0.0
706.0,0.0,8.0,8,10,0.0
707.0,0.0,8.0,8,10,0.0
709.0,0.0,8.0,8,10,0.0
710.0,0.0,8.0,8,10,0.0
711.0,0.0,8.0,8,10,0.0
712.0,0.0,8.0,8,10,0.0
713.0,0.0,8.0,8,10,0.0
714.0,0.0,8.0,8,10,0.0
715.0,0.0,8.0,8,10,0.0
716.0,0.0,8.0,8,10,0.0
718.0,0.0,8.0,8,10,0.0
719.0,0.0,8.0,8,10,0.0
720.0,0.0,8.0,8,10,0.0
721.0,0.0,8.0,8,10,0.0
722.0,0.0,8.0,8,10,0.0
723.0,0.0,8.0,8,10,0.0
724.0,0.0,8.0,8,10,0.0
726.0,0.0,8.0,8,10,0.0
727.0,0.0,8.0,8,10,0.0
728.0,0.0,8.0,8,10,0.0
729.0,0.0,8.0,8,10,0.0
730.0,0.0,8.0,8,10,0.0
731.0,0.0,8.0,8,10,0.0
732.0,0.0,8.0,8,10,0.0
734.0,0.0,8.0,8,10,0.0
735.0,0.0,8.0,8,10,0.0
736.0,0.0,8.0,8,10,0.0
737.0,0.0,8.0,8,10,0.0
738.0,0.0,8.0,8,10,0.0
739.0,0.0,8.0,8,10,0.0
741.0,0.0,8.0,8,10,0.0
742.0,0.0,8.0,8,10,0.0
743.0,0.0,8.0,8,10,0.0
744.0,0.0,8.0,8,10,0.0
745.0,0.0,8.0,8,10,0.0
747.0,0.0,8.0,8,10,0.0
748.0,0.0,8.0,8,10,0.0
749.0,0.0,8.0,8,10,0.0
750.0,0.0,8.0,8,10,0.0
751.0,0.0,8.0,8,10,0.0
752.0,0.0,8.0,8,10,0.0
753.0,0.0,8.0,8,10,0.0
755.0,0.0,8.0,7,10,0.0
756.0,0.0,7.0,3,9,0.0
770.0,192.0,3.0,6,4,0.0
811.0,960.0,6.0,8,2,0.0
827.0,384.0,8.0,8,2,0.0
828.0,0.0,8.0,8,2,0.0
829.0,0.0,8.0,8,2,0.0
830.0,0.0,8.0,8,2,0.0
831.0,0.0,16.0,8,2,0.0
832.0,0.0,8.0,8,2,0.0
833.0,0.0,8.0,8,2,0.0
834.0,0.0,8.0,8,2,0.0
835.0,0.0,8.0,8,2,0.0
836.0,0.0,8.0,8,2,0.0
837.0,0.0,8.0,8,2,0.0
839.0,0.0,8.0,8,2,0.0
840.0,0.0,8.0,8,2,0.0
841.0,0.0,8.0,8,2,0.0
842.0,0.0,8.0,8,2,0.0
843.0,0.0,8.0,8,2,0.0
844.0,0.0,8.0,8,2,0.0
845.0,0.0,8.0,8,2,0.0
846.0,0.0,8.0,8,2,0.0
847.0,0.0,8.0,8,2,0.0
848.0,0.0,8.0,8,2,0.0
849.0,0.0,8.0,8,2,0.0
850.0,0.0,8.0,8,2,0.0
851.0,0.0,8.0,8,2,0.0
852.0,0.0,8.0,8,2,0.0
853.0,0.0,8.0,8,2,0.0
854.0,0.0,8.0,8,2,0.0
855.0,0.0,8.0,8,2,0.0
856.0,0.0,8.0,8,2,0.0
857.0,0.0,8.0,8,2,0.0
858.0,0.0,8.0,8,2,0.0
859.0,0.0,8.0,8,2,0.0
860.0,0.0,8.0,8,2,0.0
861.0,0.0,8.0,8,2,0.0
863.0,0.0,8.0,8,2,0.0
864.0,0.0,8.0,8,2,0.0
865.0,0.0,8.0,8,2,0.0
866.0,0.0,8.0,8,2,0.0
867.0,0.0,8.0,8,2,0.0
868.0,0.0,8.0,8,2,0.0
869.0,0.0,8.0,8,2,0.0
870.0,0.0,8.0,8,2,0.0
871.0,0.0,8.0,8,2,0.0
872.0,0.0,8.0,8,2,0.0
873.0,0.0,8.0,8,2,0.0
874.0,0.0,8.0,8,2,0.0
875.0,0.0,8.0,8,2,0.0
876.0,0.0,8.0,8,2,0.0
877.0,0.0,8.0,8,2,0.0
878.0,0.0,8.0,8,2,0.0
879.0,0.0,8.0,8,2,0.0
880.0,0.0,8.0,8,2,0.0
881.0,0.0,8.0,8,2,0.0
882.0,0.0,8.0,8,2,0.0
884.0,0.0,8.0,8,2,0.0
885.0,0.0,8.0,8,2,0.0
886.0,0.0,8.0,8,2,0.0
887.0,0.0,8.0,8,2,0.0
888.0,0.0,8.0,8,2,0.0
889.0,0.0,8.0,8,2,0.0
890.0,0.0,8.0,7,2,0.0
891.0,0.0,7.0,3,1,0.0
905.0,192.0,3.0,2,0,0.0
920.0,192.0,6.0,2,0,0.0
921.0,0.0,6.0,2,0,0.0
922.0,0.0,6.0,2,0,0.0
923.0,0.0,4.0,2,0,0.0
924.0,0.0,6.0,2,0,0.0
925.0,0.0,4.0,2,0,0.0
926.0,0.0,4.0,2,0,0.0
927.0,0.0,6.0,2,0,0.0
928.0,0.0,4.0,2,0,0.0
929.0,0.0,4.0,2,0,0.0
930.0,0.0,6.0,2,0,0.0
931.0,0.0,4.0,2,0,0.0
932.0,0.0,6.0,2,0,0.0
933.0,0.0,4.0,2,0,0.0
934.0,0.0,4.0,2,0,0.0
935.0,0.0,6.0,2,0,0.0
936.0,0.0,4.0,2,0,0.0
937.0,0.0,4.0,2,0,0.0
938.0,0.0,6.0,2,0,0.0
939.0,0.0,4.0,2,0,0.0
940.0,0.0,4.0,2,0,0.0
941.0,0.0,6.0,2,0,0.0
942.0,0.0,4.0,2,0,0.0
943.0,0.0,6.0,2,0,0.0
944.0,0.0,4.0,2,0,0.0
945.0,0.0,2.0,2,0,0.0
946.0,0.0,3.0,0,0,0.0
